"Knowledge base name","Article title","Article subtitle","Article language","Article URL","Article body","Category","Subcategory","Keywords","Last modified date","Status","Archived"
"Perguntas Frequentes","Vocês têm lojas físicas?","","pt","http://43539323.hs-sites.com/vocês-têm-lojas-físicas","Com certeza! Temos várias lojas físicas pelo estado do <em><strong>Rio de Janeiro</strong></em>. Encontre-as facilmente através do nosso <strong>site</strong>, <strong>Instagram </strong>ou até mesmo uma rápida busca por <span style=""text-decoration: underline;""><em>""BatheWellness""</em></span> no Google. Simples assim!","Perguntas frequentes","","","2023-08-26T05:36:35.538Z","PUBLISHED","false"
"Perguntas Frequentes","Há um período de avaliação gratuita?","","pt","http://43539323.hs-sites.com/há-um-período-de-avaliação-gratuita","Alguns dos nossos planos incluem períodos de teste, permitindo que você experimente produtos novos. Além disso, ao adquirir um novo produto, você poderá solicitar uma amostra grátis à sua escolha da nossa loja e, se desejar, obter um ótimo desconto na sua próxima compra deste mesmo produto.","Introdução","","","2023-08-26T05:14:25.834Z","PUBLISHED","false"
"Perguntas Frequentes","Como são estruturados os preços dos nossos produtos?","","pt","http://43539323.hs-sites.com/como-são-estruturados-os-preços-dos-nossos-produtos","Nossos produtos variam em categorias e linhas diferentes. Contudo, podemos garantir que oferecemos a melhor relação qualidade-preço do mercado, proporcionando a você excelência sem comprometer seu orçamento.","Introdução","","","2023-08-26T05:15:15.786Z","PUBLISHED","false"
"Perguntas Frequentes","Como posso cancelar minha assinatura?","","pt","http://43539323.hs-sites.com/como-posso-cancelar-minha-assinatura","Entendemos que situações podem surgir. Se precisar, podemos congelar sua assinatura temporariamente para que você continue a receber nossos produtos. Caso realmente precise cancelar, essa opção está disponível tanto nas nossas plataformas digitais quanto em nossas lojas físicas.","Introdução","","","2023-08-26T05:31:04.190Z","PUBLISHED","false"
"Perguntas Frequentes","Qual o benefício em congelar minha assinatura?","","pt","http://43539323.hs-sites.com/qual-o-benefício-em-congelar-minha-assinatura","Dessa forma você poderá continuar recebendo novos produtos, sem se preocupar com o atual e próximos pagamentos.","Introdução","","","2023-08-26T05:31:57.329Z","PUBLISHED","false"
"Perguntas Frequentes","Vocês oferecem reembolsos?","","pt","http://43539323.hs-sites.com/vocês-oferecem-reembolsos","A nossa política de reembolso é garantida por lei. Se nossos produtos ou serviços não atenderem às suas expectativas, estaremos prontos para devolver o seu dinheiro, oferecendo até mesmo cashback. Sua satisfação é nossa prioridade!","Perguntas frequentes","","","2023-08-26T05:33:27.606Z","PUBLISHED","false"
"Perguntas Frequentes","Como posso entrar em contato com o suporte ao cliente?","","pt","http://43539323.hs-sites.com/como-posso-entrar-em-contato-com-o-suporte-ao-cliente","Valorizamos o atendimento pessoal aos nossos clientes. Estamos disponíveis nas nossas <strong>Lojas Físicas</strong>, por <strong>E-mail</strong>, <strong>SAC </strong>e também através do <strong>Live Chat</strong> no nosso site, onde você pode conversar diretamente com um atendente no conforto da sua casa. Se preferir, em lojas físicas, você pode nos contatar pelo <strong>Instagram </strong>ou <strong>WhatsApp</strong> da loja. Encontre todas as nossas lojas facilmente no rodapé do nosso <strong>site</strong>.","Solução de problemas","","","2023-08-26T05:34:32.191Z","PUBLISHED","false"
"Perguntas Frequentes","Qual é a missão da BatheWellness?","","pt","http://43539323.hs-sites.com/qual-é-a-missão-da-bathewellness","Na BatheWellness, somos dedicados a realçar a beleza e o bem-estar dos nossos clientes. Oferecemos uma linha exclusiva de produtos de banho e higiene, incluindo sabonetes, cremes hidratantes, loções pós-banho, sais para banho, shampoos especiais e muitos outros. Nossos produtos são pensados para cuidar da sua higiene e realçar ainda mais a sua beleza.<br>","Introdução","","","2023-08-26T05:07:37.197Z","PUBLISHED","false"
"Perguntas Frequentes","Como funciona o nosso serviço?","","pt","http://43539323.hs-sites.com/como-funciona-o-nosso-serviço","A BatheWellness oferece tanto lojas online quanto físicas, proporcionando a você diversas opções para encontrar os nossos produtos. Em nossas lojas online, você poderá aproveitar nossos serviços de assinatura, que incluem descontos e programas exclusivos.","Introdução","","","2023-08-26T05:11:11.448Z","PUBLISHED","false"
"Perguntas Frequentes","Quais são os diferenciais dos nossos produtos?","","pt","http://43539323.hs-sites.com/quais-são-os-diferenciais-dos-nossos-produtos","Os produtos da BatheWellness são garantia de satisfação comprovada por meio de pesquisas e estudos. Cada item é meticulosamente testado, garantindo 100% de qualidade e eficácia.","Introdução","","","2023-08-26T05:12:35.231Z","PUBLISHED","false"
"Perguntas Frequentes","Qual é a missão e visão da empresa?","","pt","http://43539323.hs-sites.com/qual-é-a-missão-e-visão-da-empresa","Nossa missão é proporcionar a todos os clientes a melhor experiência de beleza, fazendo com que você se sinta sempre a mais bela e confiante do mundo. Ou o mais belo e confiante do mundo. Aqui não ligamos para rótulos, somente os dos nossos produtos!","Perguntas frequentes","","","2023-08-26T05:35:29.189Z","PUBLISHED","false"
"Perguntas Frequentes","Posso colaborar com a empresa?","","pt","http://43539323.hs-sites.com/posso-colaborar-com-a-empresa","Definitivamente! Oferecemos programas de incentivo que permitem colaborar conosco no desenvolvimento de novos produtos e, quem sabe, até trabalhar diretamente conosco.","Perguntas frequentes","","","2023-08-26T05:37:05.190Z","PUBLISHED","false"
"Perguntas Frequentes","Como posso ficar atualizado com as últimas notícias e anúncios?","","pt","http://43539323.hs-sites.com/como-posso-ficar-atualizado-com-as-últimas-notícias-e-anúncios","Acompanhe-nos nas nossas Redes Sociais <strong><em>@BatheWellness</em></strong> em todos os canais e assine a nossa NewsLetter através do site para se manter informado sobre todas as nossas novidades. E, claro, fique atento ao nosso site, onde as primeiras promoções e produtos novos sempre serão revelados primeiro.","Perguntas frequentes","","","2023-08-26T05:37:38.396Z","PUBLISHED","false"
"Perguntas Frequentes","Resolvendo Problemas no Pagamento","","pt","http://43539323.hs-sites.com/resolvendo-problemas-no-pagamento","Encontrou algum contratempo durante o pagamento no checkout? Não se preocupe! Nossa equipe de suporte está pronta para ajuda. Você pode entrar em contato através do nosso Live Chat ou pelo nosso serviço de atendimento ao cliente. Estamos aqui para garantir que sua experiência de compra seja suave e agradável.","Suporte","","","2023-08-26T05:43:53.041Z","PUBLISHED","false"
"Perguntas Frequentes","Transação recusada ou não processada","","pt","http://43539323.hs-sites.com/transação-recusada-ou-não-processada","Caso sua transação tenha sido recusada ou não processada, há algumas medidas que você pode tomar. Primeiramente, verifique se todas as informações do cartão estão corretas e atualizadas. Se o problema persistir, entre em contato com seu banco para garantir que não haja restrições de pagamento em seu cartão. Se ainda assim tiver problemas, nossa equipe de suporte estará pronta para auxiliar na resolução do problema.","","","","2023-08-26T05:45:55.485Z","DRAFT","false"
